{
    "total_runtime": 50.261314392089844,
    "num_documents": 1,
    "input_load_time": 0,
    "workflows": {
        "create_base_text_units": {
            "overall": 0.1312999725341797
        },
        "create_final_documents": {
            "overall": 0.0774226188659668
        },
        "extract_graph": {
            "overall": 6.267260313034058
        },
        "finalize_graph": {
            "overall": 0.145521879196167
        },
        "create_communities": {
            "overall": 0.17655134201049805
        },
        "create_final_text_units": {
            "overall": 0.11778998374938965
        },
        "create_community_reports": {
            "overall": 41.0416522026062
        },
        "generate_text_embeddings": {
            "overall": 2.1309845447540283
        }
    }
}