{
    "total_runtime": 657.7497124671936,
    "num_documents": 1,
    "input_load_time": 0,
    "workflows": {
        "create_base_text_units": {
            "overall": 0.1616823673248291
        },
        "create_final_documents": {
            "overall": 0.08207297325134277
        },
        "extract_graph": {
            "overall": 479.34176540374756
        },
        "finalize_graph": {
            "overall": 0.13984131813049316
        },
        "create_communities": {
            "overall": 0.1695091724395752
        },
        "create_final_text_units": {
            "overall": 0.18140339851379395
        },
        "create_community_reports": {
            "overall": 85.2435052394867
        },
        "generate_text_embeddings": {
            "overall": 92.16233468055725
        }
    }
}